,Name,RAdeg,DEdeg,z,MSZ,MCXC,RedMAPPer
4,PSZ2 G002.04-22.15,291.3596104,-36.5179436,-1.0,0.0,            ,                    
9,PSZ2 G002.88-22.45,292.0147682,-35.8760934,-1.0,0.0,            ,                    
10,PSZ2 G003.21-76.04,358.3512149,-33.2932444,-1.0,0.0,            ,                    
18,PSZ2 G006.16-69.49,350.5375195,-34.5752135,-1.0,0.0,            ,                    
26,PSZ2 G007.67-43.18,318.179579,-36.0843971,-1.0,0.0,            ,                    
30,PSZ2 G008.70-31.44,304.2413269,-33.32638,-1.0,0.0,            ,                    
33,PSZ2 G009.04+31.09,244.5860131,-4.1892994,-1.0,0.0,            ,                    
35,PSZ2 G010.76-16.91,288.9423815,-26.9947969,-1.0,0.0,            ,                    
38,PSZ2 G011.36-72.93,354.0538503,-32.1343132,-1.0,0.0,            ,                    
40,PSZ2 G011.92-63.53,342.9760369,-33.3941814,-1.0,0.0,            ,                    
43,PSZ2 G013.06-75.46,356.8526134,-31.1508624,-1.0,0.0,            ,                    
47,PSZ2 G014.72-62.49,341.6334404,-32.2011155,-1.0,0.0,            ,                    
49,PSZ2 G017.25-70.71,351.1688847,-30.6510697,-1.0,0.0,            ,                    
50,PSZ2 G017.72-51.40,328.7492675,-30.1324674,-1.0,0.0,            ,                    
51,PSZ2 G018.06-36.38,311.9957084,-27.0195059,-1.0,0.0,            ,                    
55,PSZ2 G018.64-83.11,5.2542949,-28.621724,-1.0,0.0,            ,                    
57,PSZ2 G018.73-15.49,290.7770614,-19.3991765,-1.0,0.0,            ,                    
58,PSZ2 G018.76-61.65,340.6369626,-30.3150463,-1.0,0.0,            ,                    
60,PSZ2 G018.92-33.64,309.2781317,-25.5929829,-1.0,0.0,            ,                    
64,PSZ2 G020.21-36.84,313.008337,-25.4826159,-1.0,0.0,            ,                    
65,PSZ2 G020.49-47.35,324.4985053,-27.7270179,-1.0,0.0,            ,                    
67,PSZ2 G021.02-29.04,305.1024838,-22.447902,-1.0,0.0,            ,                    
71,PSZ2 G022.03+17.75,262.1523015,-1.2175534,-1.0,0.0,            ,                    
74,PSZ2 G023.05+20.52,260.1954405,0.9684972,-1.0,0.0,            ,                    
77,PSZ2 G023.87-13.88,291.3960142,-14.2055305,-1.0,0.0,            ,                    
79,PSZ2 G024.46-18.08,295.5950788,-15.435756,-1.0,0.0,            ,                    
80,PSZ2 G025.02-41.49,319.0394079,-23.1940252,-1.0,0.0,            ,                    
81,PSZ2 G025.07-78.64,0.0902461,-28.1002628,-1.0,0.0,            ,                    
83,PSZ2 G025.89-46.67,324.677505,-23.9849329,-1.0,0.0,            ,                    
84,PSZ2 G026.09-25.62,303.4277679,-17.0251996,-1.0,0.0,            ,                    
85,PSZ2 G026.34-58.64,337.6571827,-26.2663523,-1.0,0.0,            ,                    
87,PSZ2 G027.23+15.73,266.2912277,2.2181935,-1.0,0.0,            ,                    
88,PSZ2 G027.28+23.79,259.1370903,5.9641825,-1.0,0.0,            ,                    
89,PSZ2 G027.39+15.39,266.6611649,2.1910506,-1.0,0.0,            ,                    
90,PSZ2 G027.77+10.88,270.8407059,0.4326642,-1.0,0.0,            ,                    
91,PSZ2 G027.77-49.72,328.2464403,-23.5522864,-1.0,0.0,            ,                    
92,PSZ2 G027.81-45.93,324.2875033,-22.5132554,-1.0,0.0,            ,                    
93,PSZ2 G027.92+15.54,266.7671927,2.71152,-1.0,0.0,            ,                    
94,PSZ2 G027.99-69.85,350.2087969,-27.0299802,-1.0,0.0,            ,                    
97,PSZ2 G028.15-08.62,288.4216367,-8.1405854,-1.0,0.0,            ,                    
102,PSZ2 G029.55-60.16,339.6533439,-24.9363062,-1.0,0.0,            ,                    
103,PSZ2 G029.66-47.63,326.4342608,-21.780224,-1.0,0.0,            ,                    
104,PSZ2 G029.80-17.40,297.1337388,-10.5277573,-1.0,0.0,            ,                    
105,PSZ2 G029.87-17.81,297.5458413,-10.6418568,-1.0,0.0,            ,                    
106,PSZ2 G030.27-16.94,296.9130194,-9.9282125,-1.0,0.0,            ,                    
107,PSZ2 G030.70+09.44,273.4416566,2.3314015,-1.0,0.0,            ,                    
109,PSZ2 G031.37-71.95,352.6812052,-26.171286,-1.0,0.0,            ,                    
110,PSZ2 G031.41-19.16,299.4189763,-9.8989724,-1.0,0.0,            ,                    
112,PSZ2 G032.12-14.96,295.8916172,-7.4624139,-1.0,0.0,            ,                    
113,PSZ2 G032.13-44.36,323.6921253,-19.1306933,-1.0,0.0,            ,                    
114,PSZ2 G032.31+66.07,219.2979138,24.3892375,-1.0,0.0,            ,                    
115,PSZ2 G032.77+19.69,265.1224844,8.7112379,-1.0,0.0,            ,                    
116,PSZ2 G033.27-17.54,298.7166445,-7.6030832,-1.0,0.0,            ,                    
119,PSZ2 G033.83-46.57,326.315212,-18.7555147,-1.0,0.0,            ,                    
123,PSZ2 G035.89-61.39,341.7593232,-22.2282481,-1.0,0.0,            ,                    
124,PSZ2 G036.09-17.43,299.8263339,-5.1483475,-1.0,0.0,            ,                    
125,PSZ2 G036.36+16.01,269.9844534,10.1964111,-1.0,0.0,            ,                    
126,PSZ2 G036.69-15.67,298.5192033,-3.839686,-1.0,0.0,            ,                    
128,PSZ2 G036.77-16.51,299.298929,-4.1504137,-1.0,0.0,            ,                    
129,PSZ2 G036.80-14.95,297.9201625,-3.4116349,-1.0,0.0,            ,                    
131,PSZ2 G037.25-16.27,299.298332,-3.6387063,-1.0,0.0,            ,                    
132,PSZ2 G037.31-21.54,304.0323134,-5.9840183,-1.0,0.0,            ,                    
134,PSZ2 G037.67+15.71,270.8099351,11.2055219,-1.0,0.0,            ,                    
142,PSZ2 G039.86+18.70,268.9272196,14.3619665,-1.0,0.0,            ,                    
145,PSZ2 G040.11-42.58,324.2706321,-13.0963348,-1.0,0.0,            ,                    
154,PSZ2 G042.54+18.02,270.6433998,16.4013953,-1.0,0.0,            ,                    
157,PSZ2 G043.44-41.27,324.1836115,-10.2966166,-1.0,0.0,            ,                    
160,PSZ2 G044.21+52.13,235.7544571,27.8333101,-1.0,0.0,            ,                    
164,PSZ2 G044.83+10.02,279.164107,15.0804792,-1.0,0.0,            ,                    
168,PSZ2 G045.20+15.63,274.0145937,17.7621651,-1.0,0.0,            ,                    
170,PSZ2 G045.47+17.80,272.032217,18.8742908,-1.0,0.0,            ,                    
171,PSZ2 G045.50-08.62,296.3535003,7.074746,-1.0,0.0,            ,                    
175,PSZ2 G045.96-26.94,312.5348829,-1.5905275,-1.0,0.0,            ,                    
179,PSZ2 G046.36-06.83,295.1839418,8.6860484,-1.0,0.0,            ,                    
180,PSZ2 G046.39+11.71,278.2491827,17.1920439,-1.0,0.0,            ,                    
184,PSZ2 G047.53+08.55,281.7441112,16.8431644,-1.0,0.0,            ,                    
192,PSZ2 G048.39-16.78,304.889445,5.4829465,-1.0,0.0,            ,                    
193,PSZ2 G048.47+34.86,255.535051,27.1466809,-1.0,0.0,            ,                    
205,PSZ2 G050.98-61.48,344.7463111,-15.6081384,-1.0,0.0,            ,                    
206,PSZ2 G051.40-61.15,344.5480214,-15.2724286,-1.0,0.0,            ,                    
207,PSZ2 G051.48-30.87,318.3988536,0.5196467,-1.0,0.0,            ,                    
208,PSZ2 G052.08+46.13,243.4439272,32.081382,-1.0,0.0,            ,                    
210,PSZ2 G052.93+10.42,282.3867612,22.4540506,-1.0,0.0,            ,                    
216,PSZ2 G053.80+36.49,254.9007904,31.7431899,-1.0,0.0,            ,                    
226,PSZ2 G056.38+23.36,270.3845214,30.3961509,-1.0,0.0,            ,                    
232,PSZ2 G057.09+11.19,283.5194099,26.4829979,-1.0,0.0,            ,                    
239,PSZ2 G057.92-07.40,301.6444232,18.3115708,-1.0,0.0,            ,                    
241,PSZ2 G058.31+41.96,249.0507832,36.0554112,-1.0,0.0,            ,                    
242,PSZ2 G058.42-33.50,323.8823279,3.8817702,-1.0,0.0,            ,                    
247,PSZ2 G059.52+16.23,279.3393414,30.6641929,-1.0,0.0,            ,                    
249,PSZ2 G059.76+14.59,281.1949274,30.2467736,-1.0,0.0,            ,                    
265,PSZ2 G064.98+16.71,281.1498974,35.6970266,-1.0,0.0,            ,                    
268,PSZ2 G065.35-08.01,306.5168037,24.1352004,-1.0,0.0,            ,                    
276,PSZ2 G066.34+26.14,270.3078367,39.8545838,-1.0,0.0,            ,                    
278,PSZ2 G066.59-58.51,346.8558241,-7.5423163,-1.0,0.0,            ,                    
280,PSZ2 G066.76-08.42,307.7695687,25.0447577,-1.0,0.0,            ,                    
281,PSZ2 G066.85+22.48,275.041603,39.298493,-1.0,0.0,            ,                    
283,PSZ2 G067.21-20.49,318.3644835,18.0578647,-1.0,0.0,            ,                    
286,PSZ2 G067.72-24.13,321.599396,16.0812246,-1.0,0.0,            ,                    
292,PSZ2 G069.35-15.58,315.6864124,22.7359704,-1.0,0.0,            ,                    
293,PSZ2 G069.39+68.05,215.404355,38.3612665,-1.0,0.0,            ,                    
294,PSZ2 G069.47-29.06,326.5036007,13.9876075,-1.0,0.0,            ,                    
302,PSZ2 G071.67-42.76,337.7250414,5.7014501,-1.0,0.0,            ,                    
303,PSZ2 G071.82-56.55,347.3864743,-4.158332,-1.0,0.0,            ,                    
309,PSZ2 G072.96-12.26,315.3094898,27.5524376,-1.0,0.0,            ,                    
318,PSZ2 G075.08+19.83,281.6991477,45.7759109,-1.0,0.0,            ,                    
322,PSZ2 G075.85+15.53,287.7883349,44.9173139,-1.0,0.0,            ,                    
325,PSZ2 G076.51+21.73,279.6574426,47.6284285,-1.0,0.0,            ,                    
326,PSZ2 G076.55+60.29,223.0302144,44.4554226,-1.0,0.0,            ,                    
327,PSZ2 G076.81-32.57,333.6921942,15.9245249,-1.0,0.0,            ,                    
329,PSZ2 G077.67+30.59,266.7472334,50.4719546,-1.0,0.0,            ,                    
332,PSZ2 G078.10-83.83,8.1529837,-22.6780569,-1.0,0.0,            ,                    
336,PSZ2 G079.36+38.06,254.8538954,52.0756631,-1.0,0.0,            ,                    
350,PSZ2 G081.60+18.47,286.7627851,51.1126157,-1.0,0.0,            ,                    
352,PSZ2 G082.06+27.23,273.041291,53.8116766,-1.0,0.0,            ,                    
354,PSZ2 G082.37+22.35,281.1318061,53.0124825,-1.0,0.0,            ,                    
358,PSZ2 G083.56+24.90,277.3859931,54.6932029,-1.0,0.0,            ,                    
363,PSZ2 G084.15-08.63,320.936274,38.1347432,-1.0,0.0,            ,                    
370,PSZ2 G084.69-58.60,354.0406087,-1.4336188,-1.0,0.0,            ,                    
377,PSZ2 G085.95+25.23,277.6164185,56.8822692,-1.0,0.0,            ,                    
379,PSZ2 G086.07-41.99,345.6385062,12.9522754,-1.0,0.0,            ,                    
380,PSZ2 G086.28+74.76,204.4772973,38.8707525,-1.0,0.0,            ,                    
381,PSZ2 G086.35-13.94,327.4345076,35.7104154,-1.0,0.0,            ,                    
388,PSZ2 G086.85-81.39,7.4784903,-20.0748446,-1.0,0.0,            ,                    
393,PSZ2 G087.39-34.58,342.3067817,19.7138902,-1.0,0.0,            ,                    
399,PSZ2 G089.06-11.79,328.2214948,39.0645842,-1.0,0.0,            ,                    
406,PSZ2 G090.12-13.87,330.9178989,38.0894859,-1.0,0.0,            ,                    
409,PSZ2 G091.27-38.62,347.3346166,17.8952747,-1.0,0.0,            ,                    
411,PSZ2 G091.56+08.50,309.0663098,54.9835623,-1.0,0.0,            ,                    
414,PSZ2 G092.11-33.73,345.4059019,22.4832542,-1.0,0.0,            ,                    
417,PSZ2 G092.34+14.22,301.0280606,58.7275938,-1.0,0.0,            ,                    
418,PSZ2 G092.46-35.22,346.4589494,21.3244338,-1.0,0.0,            ,                    
419,PSZ2 G092.64+20.78,289.1859218,61.6802362,-1.0,0.0,            ,                    
420,PSZ2 G092.69+59.92,216.6347112,51.2520897,-1.0,0.0,            ,                    
422,PSZ2 G093.04-32.38,345.4275891,24.0402516,-1.0,0.0,            ,                    
423,PSZ2 G093.41-16.26,335.9786463,38.0070356,-1.0,0.0,            ,                    
425,PSZ2 G093.71-30.90,345.1839268,25.6113683,-1.0,0.0,            ,                    
428,PSZ2 G093.94+13.75,303.330712,59.8340153,-1.0,0.0,            ,                    
431,PSZ2 G094.31-11.31,333.2398927,42.5787919,-1.0,0.0,            ,                    
437,PSZ2 G095.00-37.14,349.3564146,20.5736221,-1.0,0.0,            ,                    
443,PSZ2 G095.75-11.16,334.7027679,43.5133671,-1.0,0.0,            ,                    
444,PSZ2 G096.10+12.46,307.8285784,60.9109316,-1.0,0.0,            ,                    
446,PSZ2 G096.43-20.89,342.0362292,35.5559657,-1.0,0.0,            ,                    
453,PSZ2 G097.37-17.11,340.6788968,39.2821154,-1.0,0.0,            ,                    
455,PSZ2 G097.52-14.89,339.3764834,41.2783932,-1.0,0.0,            ,                    
461,PSZ2 G098.38+77.22,199.6058535,38.5852629,-1.0,0.0,            ,                    
462,PSZ2 G098.39+57.68,215.5697601,54.9011005,-1.0,0.0,            ,                    
464,PSZ2 G098.62+51.76,222.8270502,59.3306488,-1.0,0.0,            ,                    
466,PSZ2 G098.67-07.04,334.8563299,48.53956,-1.0,0.0,            ,                    
467,PSZ2 G098.75-28.63,348.4409718,29.6117242,-1.0,0.0,            ,                    
474,PSZ2 G099.55+34.23,257.6109137,68.7320602,-1.0,0.0,            ,                    
476,PSZ2 G099.62+14.86,307.6361682,65.0935874,-1.0,0.0,            ,                    
479,PSZ2 G100.07+17.06,303.5893034,66.6116951,-1.0,0.0,            ,                    
482,PSZ2 G100.22+33.81,258.4192833,69.3734256,-1.0,0.0,            ,                    
483,PSZ2 G100.38+16.73,304.6810571,66.7029838,-1.0,0.0,            ,                    
484,PSZ2 G100.45+16.79,304.6406633,66.7855144,-1.0,0.0,            ,                    
493,PSZ2 G102.98-04.77,338.706986,52.7264019,-1.0,0.0,            ,                    
496,PSZ2 G104.15-38.85,357.201837,21.7235008,-1.0,0.0,            ,                    
499,PSZ2 G104.52+39.39,239.4819385,70.3849381,-1.0,0.0,            ,                    
500,PSZ2 G104.58-15.41,347.958263,43.8835912,-1.0,0.0,            ,                    
504,PSZ2 G105.00+39.68,238.1512045,70.5333574,-1.0,0.0,            ,                    
509,PSZ2 G105.82-38.36,358.3930757,22.5789079,-1.0,0.0,            ,                    
510,PSZ2 G105.94-16.14,350.0238946,43.6922767,-1.0,0.0,            ,                    
511,PSZ2 G106.11+24.11,290.3513156,74.5560767,-1.0,0.0,            ,                    
513,PSZ2 G106.21+26.32,282.1361085,75.0586641,-1.0,0.0,            ,                    
515,PSZ2 G106.48-10.42,347.6369971,49.1954944,-1.0,0.0,            ,                    
521,PSZ2 G107.41-09.57,348.4457875,50.3255589,-1.0,0.0,            ,                    
524,PSZ2 G107.83-45.45,1.8955149,16.1308493,-1.0,0.0,            ,                    
525,PSZ2 G108.13-09.21,349.29126,50.92679,-1.0,0.0,            ,                    
537,PSZ2 G110.69-46.25,4.0991727,15.7851217,-1.0,0.0,            ,                    
541,PSZ2 G112.07-39.86,3.8729798,22.2454189,-1.0,0.0,            ,                    
544,PSZ2 G112.54+59.53,202.4759113,56.8123493,-1.0,0.0,            ,                    
545,PSZ2 G112.69+33.37,245.1021381,79.1815742,-1.0,0.0,            ,                    
547,PSZ2 G113.27+48.39,209.7444405,67.4430861,-1.0,0.0,            ,                    
559,PSZ2 G114.98+19.10,328.8991652,79.1533315,-1.0,0.0,            ,                    
562,PSZ2 G115.34-54.89,8.4668024,7.7219047,-1.0,0.0,            ,                    
567,PSZ2 G116.05+20.00,329.9460709,80.4907217,-1.0,0.0,            ,                    
573,PSZ2 G117.11+11.48,352.4867269,73.433356,-1.0,0.0,            ,                    
574,PSZ2 G117.38-52.47,9.4267042,10.2485363,-1.0,0.0,            ,                    
580,PSZ2 G118.49+48.17,201.0201893,68.6690138,-1.0,0.0,            ,                    
581,PSZ2 G118.56-13.14,6.3098483,49.5022531,-1.0,0.0,            ,                    
583,PSZ2 G118.79+47.50,200.8033323,69.363498,-1.0,0.0,            ,                    
589,PSZ2 G120.30+44.47,199.1191314,72.5242086,-1.0,0.0,            ,                    
590,PSZ2 G120.36+26.03,307.7575553,87.4583044,-1.0,0.0,            ,                    
591,PSZ2 G120.75+25.39,323.9867091,87.3829243,-1.0,0.0,            ,                    
592,PSZ2 G120.76+44.14,198.161655,72.8898531,-1.0,0.0,            ,                    
596,PSZ2 G121.87-45.97,12.0891779,16.8876077,-1.0,0.0,            ,                    
599,PSZ2 G122.81+24.74,10.3560728,87.6156268,-1.0,0.0,            ,                    
602,PSZ2 G123.35+25.39,25.3316766,88.2207142,-1.0,0.0,            ,                    
603,PSZ2 G123.42+30.63,185.9744321,86.4708649,-1.0,0.0,            ,                    
607,PSZ2 G123.84+25.75,43.875001,88.4005322,-1.0,0.0,            ,                    
608,PSZ2 G124.11+25.02,40.0122567,87.6440917,-1.0,0.0,            ,                    
610,PSZ2 G124.56+25.38,53.1306464,87.7221135,-1.0,0.0,            ,                    
611,PSZ2 G125.11+28.14,131.0118618,87.8181567,-1.0,0.0,            ,                    
612,PSZ2 G125.25+33.33,175.5136227,83.477842,-1.0,0.0,            ,                    
615,PSZ2 G125.41+27.95,123.9960994,87.6465943,-1.0,0.0,            ,                    
616,PSZ2 G125.55+32.72,171.3945938,83.9580908,-1.0,0.0,            ,                    
619,PSZ2 G125.84-18.72,16.6965567,44.0575128,-1.0,0.0,            ,                    
622,PSZ2 G126.28+65.62,190.640896,51.444744,-1.0,0.0,            ,                    
623,PSZ2 G126.36-19.11,17.3427694,43.6337046,-1.0,0.0,            ,                    
624,PSZ2 G126.57+51.61,187.4358601,65.3560651,-1.0,0.0,            ,                    
626,PSZ2 G126.62-53.42,15.0871885,9.3810607,-1.0,0.0,            ,                    
627,PSZ2 G126.72-21.03,17.6029704,41.6923619,-1.0,0.0,            ,                    
630,PSZ2 G127.35-10.69,19.9230925,51.9376092,-1.0,0.0,            ,                    
635,PSZ2 G128.15-24.71,18.8768459,37.9134608,-1.0,0.0,            ,                    
639,PSZ2 G129.99-22.42,21.3890921,39.9802993,-1.0,0.0,            ,                    
643,PSZ2 G130.64+37.16,161.7858341,78.0334924,-1.0,0.0,            ,                    
645,PSZ2 G131.15-14.72,24.6438871,47.3943104,-1.0,0.0,            ,                    
646,PSZ2 G131.19+14.48,45.8675402,75.1995957,-1.0,0.0,            ,                    
647,PSZ2 G131.27-25.82,22.2049403,36.4447257,-1.0,0.0,            ,                    
653,PSZ2 G133.92-42.73,21.4009719,19.4054167,-1.0,0.0,            ,                    
654,PSZ2 G134.26-44.28,21.3587181,17.8353131,-1.0,0.0,            ,                    
665,PSZ2 G135.94-68.22,17.6739276,-5.8457092,-1.0,0.0,            ,                    
666,PSZ2 G136.02-47.15,22.0270344,14.7830782,-1.0,0.0,            ,                    
667,PSZ2 G136.31+54.67,176.959825,60.7655753,-1.0,0.0,            ,                    
668,PSZ2 G136.33-44.53,22.8256815,17.3002661,-1.0,0.0,            ,                    
672,PSZ2 G137.24+53.93,175.2772366,61.1941741,-1.0,0.0,            ,                    
673,PSZ2 G137.51-09.98,35.6915129,50.2843837,-1.0,0.0,            ,                    
674,PSZ2 G137.58+53.88,174.8622413,61.1502891,-1.0,0.0,            ,                    
680,PSZ2 G139.00+50.92,170.04514,63.2596134,-1.0,0.0,            ,                    
683,PSZ2 G139.72-17.13,34.9805552,42.8316596,-1.0,0.0,            ,                    
687,PSZ2 G141.59+23.69,95.4832471,72.8127992,-1.0,0.0,            ,                    
689,PSZ2 G141.98+69.31,183.2386618,46.3647694,-1.0,0.0,            ,                    
692,PSZ2 G142.39+22.80,93.3710982,71.853473,-1.0,0.0,            ,                    
693,PSZ2 G142.41+30.68,119.2625933,72.6019481,-1.0,0.0,            ,                    
698,PSZ2 G143.70-08.59,45.1628082,48.9905428,-1.0,0.0,            ,                    
699,PSZ2 G143.90+25.06,101.33508,71.072161,-1.0,0.0,            ,                    
700,PSZ2 G144.23-18.19,39.7213686,40.1886297,-1.0,0.0,            ,                    
704,PSZ2 G144.84-35.16,32.4229782,24.3554345,-1.0,0.0,            ,                    
707,PSZ2 G145.25+50.84,163.3571656,60.8620137,-1.0,0.0,            ,                    
711,PSZ2 G146.10-55.55,25.7705973,4.9787322,-1.0,0.0,            ,                    
712,PSZ2 G146.13+40.97,144.7845117,66.4370544,-1.0,0.0,            ,                    
713,PSZ2 G146.16-48.92,28.1790338,11.1670104,-1.0,0.0,            ,                    
716,PSZ2 G146.88+17.13,83.541164,65.7206336,-1.0,0.0,            ,                    
719,PSZ2 G147.17+42.67,147.4524607,64.9221226,-1.0,0.0,            ,                    
722,PSZ2 G148.60-48.61,29.8157808,10.8423085,-1.0,0.0,            ,                    
726,PSZ2 G149.73+24.49,102.6639918,65.7775385,-1.0,0.0,            ,                    
731,PSZ2 G150.64-14.21,49.3320472,40.6768891,-1.0,0.0,            ,                    
738,PSZ2 G152.40+75.00,183.3146954,39.8576654,-1.0,0.0,            ,                    
739,PSZ2 G152.47+42.11,142.4646549,61.6578671,-1.0,0.0,            ,                    
743,PSZ2 G153.56+36.82,131.1331774,62.4116576,-1.0,0.0,            ,                    
745,PSZ2 G153.68+36.96,131.3865663,62.2867048,-1.0,0.0,            ,                    
746,PSZ2 G153.80+33.79,124.5597121,62.6820159,-1.0,0.0,            ,                    
753,PSZ2 G156.24+22.32,101.2348846,59.4509539,-1.0,0.0,            ,                    
755,PSZ2 G156.88+13.48,86.4220679,55.5110309,-1.0,0.0,            ,                    
756,PSZ2 G157.07-33.63,42.9257861,21.1472335,-1.0,0.0,            ,                    
762,PSZ2 G158.45-42.92,38.7207487,12.7027873,-1.0,0.0,            ,                    
763,PSZ2 G159.40-40.67,40.5699971,14.2141296,-1.0,0.0,            ,                    
767,PSZ2 G160.83-70.63,24.8538861,-11.3814743,-1.0,0.0,            ,                    
768,PSZ2 G160.94+44.85,143.3680894,54.9523149,-1.0,0.0,            ,                    
770,PSZ2 G161.73-28.58,49.5733828,23.0123233,-1.0,0.0,            ,                    
774,PSZ2 G163.04-27.80,51.0846176,22.9189349,-1.0,0.0,            ,                    
775,PSZ2 G163.22-26.48,52.1190377,23.8375434,-1.0,0.0,            ,                    
779,PSZ2 G163.89+11.55,88.9452086,48.5704927,-1.0,0.0,            ,                    
784,PSZ2 G164.85-16.55,60.7550608,30.321771,-1.0,0.0,            ,                    
787,PSZ2 G165.39+09.22,86.9938492,46.144236,-1.0,0.0,            ,                    
788,PSZ2 G165.41+25.93,110.9884291,52.1545359,-1.0,0.0,            ,                    
794,PSZ2 G166.27-25.02,55.4345916,23.1834587,-1.0,0.0,            ,                    
795,PSZ2 G166.27-24.71,55.6607979,23.4114979,-1.0,0.0,            ,                    
796,PSZ2 G166.56-17.69,61.1943292,28.3606005,-1.0,0.0,            ,                    
798,PSZ2 G167.43-53.67,37.3960557,0.4950833,-1.0,0.0,            ,                    
799,PSZ2 G167.44-38.06,47.3017385,12.61986,-1.0,0.0,            ,                    
800,PSZ2 G167.63-43.99,43.5900834,7.9529478,-1.0,0.0,            ,                    
809,PSZ2 G171.08-80.38,20.4903197,-20.5159981,-1.0,0.0,            ,                    
810,PSZ2 G171.22-26.03,58.1852448,19.3907183,-1.0,0.0,            ,                    
811,PSZ2 G171.48+16.17,99.5213658,43.8494544,-1.0,0.0,            ,                    
812,PSZ2 G171.79-42.08,47.1661112,7.4091582,-1.0,0.0,            ,                    
818,PSZ2 G173.07-36.15,52.0191623,11.0394011,-1.0,0.0,            ,                    
819,PSZ2 G173.76+22.92,109.3682496,44.0576724,-1.0,0.0,            ,                    
826,PSZ2 G176.07-26.95,60.6378749,15.6137181,-1.0,0.0,            ,                    
830,PSZ2 G177.03+32.64,123.3525928,43.2650973,-1.0,0.0,            ,                    
834,PSZ2 G179.33-22.22,66.3755343,16.4646611,-1.0,0.0,            ,                    
835,PSZ2 G179.45-43.92,49.8117183,2.1336763,-1.0,0.0,            ,                    
839,PSZ2 G180.74-85.21,17.3079106,-24.510787,-1.0,0.0,            ,                    
844,PSZ2 G181.88-30.77,61.0892686,9.2707977,-1.0,0.0,            ,                    
848,PSZ2 G183.32-31.51,61.2958879,7.8486555,-1.0,0.0,            ,                    
850,PSZ2 G183.92-68.82,32.0046213,-15.6243355,-1.0,0.0,            ,                    
851,PSZ2 G183.92+16.36,105.4893653,32.8598328,-1.0,0.0,            ,                    
856,PSZ2 G185.45-32.01,62.0169891,6.1094434,-1.0,0.0,            ,                    
857,PSZ2 G185.50-33.94,60.5059472,4.9029677,-1.0,0.0,            ,                    
858,PSZ2 G185.68+09.82,99.338963,28.6406154,-1.0,0.0,            ,                    
859,PSZ2 G185.72-32.23,61.9820324,5.7911452,-1.0,0.0,            ,                    
862,PSZ2 G186.50-13.45,77.952329,16.2058837,-1.0,0.0,            ,                    
868,PSZ2 G188.33-34.98,61.0748508,2.4081748,-1.0,0.0,            ,                    
874,PSZ2 G189.79-37.25,59.904535,0.1318915,-1.0,0.0,            ,                    
877,PSZ2 G191.57+58.88,157.4151933,33.909936,-1.0,0.0,            ,                    
878,PSZ2 G191.63-28.01,68.4081581,4.0788226,-1.0,0.0,            ,                    
879,PSZ2 G191.82-26.64,69.6538312,4.7007345,-1.0,0.0,            ,                    
881,PSZ2 G192.40-67.89,34.5818793,-17.7563689,-1.0,0.0,            ,                    
886,PSZ2 G193.90+09.41,102.7990898,21.1486224,-1.0,0.0,            ,                    
888,PSZ2 G194.68-49.76,51.3417219,-9.6804547,-1.0,0.0,            ,                    
890,PSZ2 G195.03-79.43,23.8236155,-23.4606533,-1.0,0.0,            ,                    
896,PSZ2 G196.65-45.51,55.7313311,-8.6606033,-1.0,0.0,            ,                    
900,PSZ2 G198.73+13.34,108.7047414,18.5210065,-1.0,0.0,            ,                    
901,PSZ2 G198.80-57.57,45.5297386,-15.5701843,-1.0,0.0,            ,                    
905,PSZ2 G199.73+36.98,133.0360632,25.8873902,-1.0,0.0,            ,                    
911,PSZ2 G201.20-42.83,59.7072371,-10.216251,-1.0,0.0,            ,                    
915,PSZ2 G202.61-26.26,74.961981,-3.371833,-1.0,0.0,            ,                    
916,PSZ2 G202.66+66.98,166.8142374,28.7964975,-1.0,0.0,            ,                    
919,PSZ2 G203.32+08.91,106.5419128,12.5539485,-1.0,0.0,            ,                    
920,PSZ2 G203.71+50.82,148.7731224,26.3309135,-1.0,0.0,            ,                    
924,PSZ2 G204.91-69.71,34.6922156,-22.6224957,-1.0,0.0,            ,                    
927,PSZ2 G205.56-44.20,59.8764809,-13.6567333,-1.0,0.0,            ,                    
933,PSZ2 G206.55-43.22,61.1062921,-13.8999821,-1.0,0.0,            ,                    
934,PSZ2 G206.75-33.21,70.4287426,-9.7668463,-1.0,0.0,            ,                    
936,PSZ2 G208.57-44.31,60.6746793,-15.673252,-1.0,0.0,            ,                    
945,PSZ2 G210.02-56.38,49.115237,-20.7778694,-1.0,0.0,            ,                    
948,PSZ2 G210.37-37.00,68.1827041,-14.0502783,-1.0,0.0,            ,                    
949,PSZ2 G210.57-44.61,60.9466993,-17.1091232,-1.0,0.0,            ,                    
951,PSZ2 G210.71+63.08,162.9234653,24.9692198,-1.0,0.0,            ,                    
952,PSZ2 G210.78-36.25,69.029847,-14.0494475,-1.0,0.0,            ,                    
954,PSZ2 G211.31-60.28,45.3097769,-22.5531685,-1.0,0.0,            ,                    
964,PSZ2 G213.73-56.15,49.9841045,-22.6847933,-1.0,0.0,            ,                    
969,PSZ2 G215.25-87.14,16.0648278,-27.2074899,-1.0,0.0,            ,                    
972,PSZ2 G215.75-32.97,73.7970446,-16.5572814,-1.0,0.0,            ,                    
973,PSZ2 G216.25+10.10,113.3567643,1.6767467,-1.0,0.0,            ,                    
976,PSZ2 G216.76-41.84,65.3237849,-20.3952215,-1.0,0.0,            ,                    
981,PSZ2 G218.58+08.71,113.1883998,-1.0031259,-1.0,0.0,            ,                    
992,PSZ2 G221.06-44.05,64.0353603,-24.0544208,-1.0,0.0,            ,                    
1004,PSZ2 G224.37-47.33,61.0976569,-27.0629213,-1.0,0.0,            ,                    
1009,PSZ2 G224.86-79.51,24.5815777,-28.8073806,-1.0,0.0,            ,                    
1010,PSZ2 G225.18-33.61,75.9983808,-24.1887635,-1.0,0.0,            ,                    
1013,PSZ2 G225.76-17.35,92.5719521,-18.9449287,-1.0,0.0,            ,                    
1016,PSZ2 G226.12-19.51,90.613999,-20.1029268,-1.0,0.0,            ,                    
1017,PSZ2 G226.15+09.02,117.0195167,-7.4467213,-1.0,0.0,            ,                    
1022,PSZ2 G227.30+09.00,117.5642503,-8.4398388,-1.0,0.0,            ,                    
1023,PSZ2 G227.44-31.24,79.1244928,-25.2855551,-1.0,0.0,            ,                    
1026,PSZ2 G227.61-84.72,18.6636788,-28.3464596,-1.0,0.0,            ,                    
1032,PSZ2 G228.35-66.31,39.6691528,-30.8391339,-1.0,0.0,            ,                    
1038,PSZ2 G229.40-15.49,95.8813596,-21.4042162,-1.0,0.0,            ,                    
1042,PSZ2 G230.28-28.57,82.7881382,-26.8247287,-1.0,0.0,            ,                    
1048,PSZ2 G231.41+77.48,179.9967162,22.580825,-1.0,0.0,            ,                    
1051,PSZ2 G231.74-70.59,34.5475043,-31.6966789,-1.0,0.0,            ,                    
1053,PSZ2 G232.27+12.59,123.1989488,-10.8505786,-1.0,0.0,            ,                    
1054,PSZ2 G232.45-17.44,95.1723315,-24.861659,-1.0,0.0,            ,                    
1057,PSZ2 G233.12-26.25,86.1637956,-28.5030643,-1.0,0.0,            ,                    
1060,PSZ2 G233.43-15.36,97.6807879,-24.9287933,-1.0,0.0,            ,                    
1061,PSZ2 G233.46+25.46,134.8022873,-4.9222813,-1.0,0.0,            ,                    
1064,PSZ2 G234.09+10.45,122.2897601,-13.4884698,-1.0,0.0,            ,                    
1069,PSZ2 G235.96+38.21,146.546254,0.4861218,-1.0,0.0,            ,                    
1070,PSZ2 G236.68-37.71,73.9951074,-34.2263486,-1.0,0.0,            ,                    
1072,PSZ2 G237.41-21.34,92.9605532,-30.6324982,-1.0,0.0,            ,                    
1073,PSZ2 G237.68+57.83,163.3788293,10.8158303,-1.0,0.0,            ,                    
1082,PSZ2 G240.03-19.81,95.6318723,-32.417899,-1.0,0.0,            ,                    
1086,PSZ2 G240.71-74.03,29.83484,-33.5395282,-1.0,0.0,            ,                    
1089,PSZ2 G241.41-65.88,39.2629516,-36.1301105,-1.0,0.0,            ,                    
1093,PSZ2 G241.91+07.79,124.2630705,-21.434342,-1.0,0.0,            ,                    
1094,PSZ2 G241.98+19.56,134.4557678,-14.7419999,-1.0,0.0,            ,                    
1098,PSZ2 G242.74-11.66,105.6921577,-31.7029183,-1.0,0.0,            ,                    
1099,PSZ2 G243.00-65.94,38.9777896,-36.7376131,-1.0,0.0,            ,                    
1105,PSZ2 G244.12+26.12,141.0350348,-12.3026685,-1.0,0.0,            ,                    
1112,PSZ2 G245.66-07.40,111.7014663,-32.4179237,-1.0,0.0,            ,                    
1116,PSZ2 G246.45-07.68,111.8392777,-33.2310445,-1.0,0.0,            ,                    
1119,PSZ2 G246.86-12.29,107.0408592,-35.627411,-1.0,0.0,            ,                    
1120,PSZ2 G246.91+24.65,141.520125,-15.187409,-1.0,0.0,            ,                    
1121,PSZ2 G247.14+25.88,142.6282798,-14.5477547,-1.0,0.0,            ,                    
1127,PSZ2 G248.95-20.71,98.0224107,-40.6086621,-1.0,0.0,            ,                    
1128,PSZ2 G249.06+31.00,147.721536,-12.4052782,-1.0,0.0,            ,                    
1129,PSZ2 G249.14+28.98,146.2414376,-13.822422,-1.0,0.0,            ,                    
1131,PSZ2 G249.52+18.21,137.9844925,-21.1876528,-1.0,0.0,            ,                    
1140,PSZ2 G250.43-09.02,112.6018754,-37.35368,-1.0,0.0,            ,                    
1141,PSZ2 G250.47-33.97,80.7592651,-44.7920821,-1.0,0.0,            ,                    
1144,PSZ2 G250.73+22.85,142.5033215,-18.9999842,-1.0,0.0,            ,                    
1147,PSZ2 G251.21-16.74,103.9362566,-41.2524688,-1.0,0.0,            ,                    
1148,PSZ2 G251.55-42.78,68.2533354,-45.8395209,-1.0,0.0,            ,                    
1150,PSZ2 G252.45+73.44,179.6442305,16.0051067,-1.0,0.0,            ,                    
1151,PSZ2 G252.51+20.02,141.4441469,-22.1318928,-1.0,0.0,            ,                    
1153,PSZ2 G252.95+18.94,140.879179,-23.1606997,-1.0,0.0,            ,                    
1158,PSZ2 G253.43+30.57,150.0920479,-15.4101096,-1.0,0.0,            ,                    
1159,PSZ2 G253.44-10.93,112.1382027,-40.8546006,-1.0,0.0,            ,                    
1161,PSZ2 G253.95+39.12,156.4539769,-9.5223451,-1.0,0.0,            ,                    
1163,PSZ2 G254.10+19.95,142.4823086,-23.2729554,-1.0,0.0,            ,                    
1166,PSZ2 G254.52+08.27,132.8766515,-31.2645456,-1.0,0.0,            ,                    
1167,PSZ2 G254.52+62.52,172.4883319,7.5847151,-1.0,0.0,            ,                    
1182,PSZ2 G256.41+32.31,153.2545534,-15.8915488,-1.0,0.0,            ,                    
1198,PSZ2 G260.80+06.71,136.2992971,-37.0249717,-1.0,0.0,            ,                    
1201,PSZ2 G261.11+34.90,158.0988526,-16.4440763,-1.0,0.0,            ,                    
1203,PSZ2 G261.67-10.97,117.3343113,-48.0421091,-1.0,0.0,            ,                    
1216,PSZ2 G263.65+27.87,155.3216307,-23.3148778,-1.0,0.0,            ,                    
1218,PSZ2 G263.96+40.64,163.5168981,-13.1793596,-1.0,0.0,            ,                    
1220,PSZ2 G264.52-17.77,109.4666369,-53.4518315,-1.0,0.0,            ,                    
1222,PSZ2 G264.83+35.84,161.2343353,-17.5011361,-1.0,0.0,            ,                    
1227,PSZ2 G265.35+08.06,141.4941508,-39.3761435,-1.0,0.0,            ,                    
1229,PSZ2 G265.60-46.87,58.7615491,-54.7467297,-1.0,0.0,            ,                    
1232,PSZ2 G266.50-25.31,97.6560044,-57.3855151,-1.0,0.0,            ,                    
1236,PSZ2 G267.30-46.19,59.1299068,-56.0792555,-1.0,0.0,            ,                    
1237,PSZ2 G267.55+09.14,144.5156939,-40.0881511,-1.0,0.0,            ,                    
1238,PSZ2 G268.07+09.39,145.2400595,-40.2458812,-1.0,0.0,            ,                    
1243,PSZ2 G269.02+46.30,169.7936482,-10.3986763,-1.0,0.0,            ,                    
1247,PSZ2 G269.57+15.70,151.7926391,-36.317214,-1.0,0.0,            ,                    
1249,PSZ2 G270.07-20.02,109.0292653,-59.1583692,-1.0,0.0,            ,                    
1251,PSZ2 G270.45-14.50,118.9004803,-57.249871,-1.0,0.0,            ,                    
1253,PSZ2 G270.78+36.83,166.0474164,-19.2574123,-1.0,0.0,            ,                    
1254,PSZ2 G270.88+37.23,166.3311528,-18.9486102,-1.0,0.0,            ,                    
1257,PSZ2 G271.04-12.16,123.1561485,-56.5993023,-1.0,0.0,            ,                    
1258,PSZ2 G271.15+21.10,157.0896629,-32.7954838,-1.0,0.0,            ,                    
1261,PSZ2 G271.53+36.41,166.3724522,-19.9187607,-1.0,0.0,            ,                    
1263,PSZ2 G271.55+26.00,160.560815,-28.8802353,-1.0,0.0,            ,                    
1269,PSZ2 G272.65+32.50,165.1710868,-23.7773077,-1.0,0.0,            ,                    
1275,PSZ2 G274.73-16.79,118.6129556,-61.9600438,-1.0,0.0,            ,                    
1277,PSZ2 G275.24-40.42,65.539419,-63.5877232,-1.0,0.0,            ,                    
1278,PSZ2 G275.45-28.87,92.2771279,-65.7313946,-1.0,0.0,            ,                    
1280,PSZ2 G275.73-06.12,137.0151795,-56.695102,-1.0,0.0,            ,                    
1282,PSZ2 G276.14-07.68,135.347808,-58.0304453,-1.0,0.0,            ,                    
1283,PSZ2 G276.46-21.52,110.1690605,-65.2938828,-1.0,0.0,            ,                    
1287,PSZ2 G277.93+12.34,158.0673575,-43.6660247,-1.0,0.0,            ,                    
1288,PSZ2 G278.32-18.77,117.9169586,-65.9039967,-1.0,0.0,            ,                    
1290,PSZ2 G278.56+10.74,157.6282333,-45.3503069,-1.0,0.0,            ,                    
1292,PSZ2 G278.74-45.26,53.2084194,-63.5468909,-1.0,0.0,            ,                    
1293,PSZ2 G278.79+08.54,156.2233157,-47.3374002,-1.0,0.0,            ,                    
1294,PSZ2 G278.87+16.70,162.0431383,-40.3358823,-1.0,0.0,            ,                    
1295,PSZ2 G278.91-15.76,124.9708487,-64.9912125,-1.0,0.0,            ,                    
1296,PSZ2 G278.92+31.06,169.7376107,-27.4578112,-1.0,0.0,            ,                    
1297,PSZ2 G278.94-17.62,121.09173,-65.9300519,-1.0,0.0,            ,                    
1304,PSZ2 G280.39-10.48,136.6507197,-63.0359559,-1.0,0.0,            ,                    
1306,PSZ2 G280.78-52.22,40.3064115,-59.9275694,-1.0,0.0,            ,                    
1309,PSZ2 G281.48-08.34,141.6462016,-62.3463303,-1.0,0.0,            ,                    
1310,PSZ2 G282.11+38.61,175.5000126,-21.4376665,-1.0,0.0,            ,                    
1314,PSZ2 G282.32-40.15,60.2229076,-68.5513407,-1.0,0.0,            ,                    
1316,PSZ2 G282.96+14.23,165.2990154,-44.3202475,-1.0,0.0,            ,                    
1320,PSZ2 G284.30-26.75,99.8761901,-73.402605,-1.0,0.0,            ,                    
1324,PSZ2 G285.18+16.11,169.0743325,-43.4527813,-1.0,0.0,            ,                    
1325,PSZ2 G285.28-47.35,42.5380197,-65.4993759,-1.0,0.0,            ,                    
1329,PSZ2 G285.80-26.46,101.4233312,-74.706451,-1.0,0.0,            ,                    
1330,PSZ2 G285.85-46.36,43.4112002,-66.5061971,-1.0,0.0,            ,                    
1332,PSZ2 G286.07-42.75,49.75883,-69.222243,-1.0,0.0,            ,                    
1334,PSZ2 G286.32-30.62,85.3793735,-75.0625914,-1.0,0.0,            ,                    
1337,PSZ2 G286.66-23.93,111.5331787,-74.9866657,-1.0,0.0,            ,                    
1347,PSZ2 G287.55-14.25,141.6886441,-70.7315109,-1.0,0.0,            ,                    
1351,PSZ2 G288.06-46.73,39.8015062,-67.1621151,-1.0,0.0,            ,                    
1356,PSZ2 G288.87-32.97,73.7615844,-76.5163358,-1.0,0.0,            ,                    
1359,PSZ2 G289.30-28.95,91.0688695,-77.8445897,-1.0,0.0,            ,                    
1360,PSZ2 G289.50+32.71,179.9769069,-28.8046571,-1.0,0.0,            ,                    
1361,PSZ2 G289.50-47.49,36.6101369,-67.0819054,-1.0,0.0,            ,                    
1363,PSZ2 G290.38+37.57,181.9785845,-24.2359602,-1.0,0.0,            ,                    
1364,PSZ2 G290.83-45.84,36.851874,-68.9655357,-1.0,0.0,            ,                    
1365,PSZ2 G291.34+14.70,176.4087925,-46.6819618,-1.0,0.0,            ,                    
1367,PSZ2 G292.04+22.91,179.9441091,-38.8609429,-1.0,0.0,            ,                    
1368,PSZ2 G292.22-43.33,38.2313262,-71.6195341,-1.0,0.0,            ,                    
1371,PSZ2 G292.69-18.32,143.7570983,-77.1033593,-1.0,0.0,            ,                    
1373,PSZ2 G292.77-23.80,120.5493457,-80.2478583,-1.0,0.0,            ,                    
1374,PSZ2 G292.84-16.57,149.2666707,-75.9083461,-1.0,0.0,            ,                    
1375,PSZ2 G293.01-65.78,19.2871935,-50.8488047,-1.0,0.0,            ,                    
1376,PSZ2 G293.09+43.20,185.2897097,-19.0906391,-1.0,0.0,            ,                    
1378,PSZ2 G293.17-14.35,155.4660664,-74.3155732,-1.0,0.0,            ,                    
1380,PSZ2 G293.35-10.50,162.5448764,-71.0897932,-1.0,0.0,            ,                    
1381,PSZ2 G293.63+08.25,177.2786319,-53.4889593,-1.0,0.0,            ,                    
1382,PSZ2 G293.80-40.77,39.4300909,-74.4141561,-1.0,0.0,            ,                    
1383,PSZ2 G293.92-17.26,150.8497478,-77.0983877,-1.0,0.0,            ,                    
1384,PSZ2 G294.28-19.03,146.5609664,-78.6589988,-1.0,0.0,            ,                    
1385,PSZ2 G294.31-14.18,159.3039572,-74.7606384,-1.0,0.0,            ,                    
1387,PSZ2 G294.37-14.33,159.2046791,-74.9175365,-1.0,0.0,            ,                    
1388,PSZ2 G294.45-13.94,160.1930199,-74.6249211,-1.0,0.0,            ,                    
1389,PSZ2 G294.64+30.15,184.3980385,-32.1676562,-1.0,0.0,            ,                    
1392,PSZ2 G295.00-37.76,42.9758355,-77.4498096,-1.0,0.0,            ,                    
1395,PSZ2 G295.27+32.25,185.369873,-30.1682685,-1.0,0.0,            ,                    
1397,PSZ2 G295.36+24.29,184.0871402,-38.0593901,-1.0,0.0,            ,                    
1398,PSZ2 G295.61-17.50,156.2505744,-78.2431533,-1.0,0.0,            ,                    
1400,PSZ2 G295.92-39.39,36.5377538,-76.4194567,-1.0,0.0,            ,                    
1403,PSZ2 G296.59-10.50,171.9015264,-72.33731,-1.0,0.0,            ,                    
1404,PSZ2 G296.88-17.07,162.549314,-78.4984574,-1.0,0.0,            ,                    
1406,PSZ2 G297.16-44.90,25.9134866,-71.632463,-1.0,0.0,            ,                    
1407,PSZ2 G297.31-34.68,43.991144,-81.0391578,-1.0,0.0,            ,                    
1408,PSZ2 G297.64-11.94,173.7429101,-74.0284876,-1.0,0.0,            ,                    
1409,PSZ2 G297.84+26.03,187.1659874,-36.6148495,-1.0,0.0,            ,                    
1410,PSZ2 G297.91+31.43,187.8533032,-31.2421661,-1.0,0.0,            ,                    
1414,PSZ2 G299.54+17.83,188.3017751,-44.9185444,-1.0,0.0,            ,                    
1415,PSZ2 G299.68-60.21,15.8068064,-56.8424341,-1.0,0.0,            ,                    
1418,PSZ2 G301.90+20.17,191.5500968,-42.6826757,-1.0,0.0,            ,                    
1422,PSZ2 G303.00+20.86,192.947158,-42.0057981,-1.0,0.0,            ,                    
1426,PSZ2 G303.72-48.28,11.398436,-68.8371011,-1.0,0.0,            ,                    
1427,PSZ2 G303.75-32.86,6.0180877,-84.2206932,-1.0,0.0,            ,                    
1429,PSZ2 G303.98-18.29,199.3557478,-81.109195,-1.0,0.0,            ,                    
1435,PSZ2 G304.95-18.60,205.5794155,-81.2788479,-1.0,0.0,            ,                    
1436,PSZ2 G305.14-33.60,357.0183531,-83.2462831,-1.0,0.0,            ,                    
1437,PSZ2 G305.39-40.24,4.6578374,-76.7277062,-1.0,0.0,            ,                    
1438,PSZ2 G305.55-42.77,5.7782256,-74.2063506,-1.0,0.0,            ,                    
1439,PSZ2 G305.59-54.80,9.5577515,-62.2546211,-1.0,0.0,            ,                    
1440,PSZ2 G305.76+44.79,194.9767598,-18.0330138,-1.0,0.0,            ,                    
1442,PSZ2 G305.96-25.45,251.9190311,-86.8106899,-1.0,0.0,            ,                    
1443,PSZ2 G305.96-37.15,359.2900797,-79.6524604,-1.0,0.0,            ,                    
1446,PSZ2 G306.23+11.92,197.973139,-50.8188756,-1.0,0.0,            ,                    
1448,PSZ2 G306.62-41.25,1.6583114,-75.5472413,-1.0,0.0,            ,                    
1451,PSZ2 G307.23+16.35,198.8398574,-46.3161949,-1.0,0.0,            ,                    
1454,PSZ2 G308.04-15.48,216.0945865,-77.4267491,-1.0,0.0,            ,                    
1462,PSZ2 G309.62-19.95,234.82538,-80.5657397,-1.0,0.0,            ,                    
1463,PSZ2 G310.22+23.02,201.5511705,-39.3544674,-1.0,0.0,            ,                    
1464,PSZ2 G310.81+83.91,193.7525349,21.0947672,-1.0,0.0,            ,                    
1465,PSZ2 G311.18-47.76,357.6798135,-68.3801504,-1.0,0.0,            ,                    
1466,PSZ2 G311.23-23.00,255.913123,-81.4289483,-1.0,0.0,            ,                    
1467,PSZ2 G311.33-48.50,358.1152046,-67.6484568,-1.0,0.0,            ,                    
1471,PSZ2 G312.35+17.84,205.3895592,-44.1040255,-1.0,0.0,            ,                    
1472,PSZ2 G312.48-28.86,296.6917179,-81.3869204,-1.0,0.0,            ,                    
1484,PSZ2 G314.77-28.57,293.4761027,-79.4365774,-1.0,0.0,            ,                    
1488,PSZ2 G315.66-28.64,293.5013063,-78.6476478,-1.0,0.0,            ,                    
1490,PSZ2 G315.71-83.81,11.2291975,-33.1467138,-1.0,0.0,            ,                    
1492,PSZ2 G316.43+54.02,200.819439,-8.0130277,-1.0,0.0,            ,                    
1493,PSZ2 G316.51-33.21,313.5503874,-76.7867263,-1.0,0.0,            ,                    
1494,PSZ2 G316.89-32.24,309.0955447,-76.8455865,-1.0,0.0,            ,                    
1497,PSZ2 G317.79+26.63,208.9920333,-34.366975,-1.0,0.0,            ,                    
1501,PSZ2 G318.46+83.79,194.6379736,21.1366488,-1.0,0.0,            ,                    
1502,PSZ2 G318.54-07.62,232.9243144,-65.5213568,-1.0,0.0,            ,                    
1504,PSZ2 G319.16+26.63,210.4068892,-34.0109018,-1.0,0.0,            ,                    
1508,PSZ2 G319.64-65.11,1.8784071,-50.5599751,-1.0,0.0,            ,                    
1509,PSZ2 G320.94+83.69,194.9459811,21.1157325,-1.0,0.0,            ,                    
1510,PSZ2 G321.08-17.96,257.9283432,-70.9264049,-1.0,0.0,            ,                    
1511,PSZ2 G321.30+50.63,204.5938123,-10.5553959,-1.0,0.0,            ,                    
1512,PSZ2 G321.94+75.57,197.6432832,13.4176995,-1.0,0.0,            ,                    
1514,PSZ2 G322.44+20.29,216.6178635,-38.951159,-1.0,0.0,            ,                    
1516,PSZ2 G322.74-42.10,330.7661473,-67.9634736,-1.0,0.0,            ,                    
1520,PSZ2 G323.31+27.37,214.2706026,-32.0827267,-1.0,0.0,            ,                    
1522,PSZ2 G323.70-25.45,282.4323869,-71.3247736,-1.0,0.0,            ,                    
1523,PSZ2 G323.77-33.80,308.3535893,-70.8782359,-1.0,0.0,            ,                    
1524,PSZ2 G323.96+43.81,208.5254743,-16.4825694,-1.0,0.0,            ,                    
1531,PSZ2 G325.19+49.12,207.4979135,-11.1992951,-1.0,0.0,            ,                    
1532,PSZ2 G325.25-33.72,307.2512122,-69.7017107,-1.0,0.0,            ,                    
1534,PSZ2 G325.86-33.56,306.4915892,-69.2386539,-1.0,0.0,            ,                    
1538,PSZ2 G326.73+54.80,206.3749671,-5.5497642,-1.0,0.0,            ,                    
1539,PSZ2 G327.27+11.05,227.8356362,-45.1025073,-1.0,0.0,            ,                    
1542,PSZ2 G327.66-54.26,345.907593,-57.3801875,-1.0,0.0,            ,                    
1543,PSZ2 G328.05+15.79,225.4370484,-40.6348407,-1.0,0.0,            ,                    
1547,PSZ2 G328.96+71.97,200.8032917,10.728222,-1.0,0.0,            ,                    
1548,PSZ2 G329.29+29.18,218.9841955,-28.2837244,-1.0,0.0,            ,                    
1550,PSZ2 G329.48-22.67,278.2479659,-65.5527931,-1.0,0.0,            ,                    
1553,PSZ2 G330.07+28.11,220.2318156,-28.9273244,-1.0,0.0,            ,                    
1558,PSZ2 G332.11-23.63,281.8545359,-63.4669718,-1.0,0.0,            ,                    
1565,PSZ2 G335.14+30.70,223.1025067,-24.4981632,-1.0,0.0,            ,                    
1570,PSZ2 G337.01+38.30,220.2660344,-17.2070501,-1.0,0.0,            ,                    
1573,PSZ2 G337.23-12.59,265.3503124,-54.7810927,-1.0,0.0,            ,                    
1574,PSZ2 G337.90+23.58,229.8026131,-29.0701287,-1.0,0.0,            ,                    
1575,PSZ2 G337.91-12.15,265.2563183,-53.9834537,-1.0,0.0,            ,                    
1576,PSZ2 G337.92-64.34,351.672256,-46.611808,-1.0,0.0,            ,                    
1577,PSZ2 G337.95+22.70,230.4398862,-29.7548536,-1.0,0.0,            ,                    
1578,PSZ2 G337.99-33.61,303.6793437,-59.2175212,-1.0,0.0,            ,                    
1579,PSZ2 G338.04+23.65,229.88005,-28.9404858,-1.0,0.0,            ,                    
1580,PSZ2 G338.21+23.46,230.1449047,-29.0007972,-1.0,0.0,            ,                    
1581,PSZ2 G338.25+22.60,230.761883,-29.6804955,-1.0,0.0,            ,                    
1582,PSZ2 G338.52+22.97,230.7418915,-29.2306816,-1.0,0.0,            ,                    
1585,PSZ2 G339.74-51.08,333.7589777,-53.3557017,-1.0,0.0,            ,                    
1586,PSZ2 G340.09+22.89,232.119484,-28.4241335,-1.0,0.0,            ,                    
1587,PSZ2 G340.35-42.80,320.1064682,-55.9377803,-1.0,0.0,            ,                    
1592,PSZ2 G340.97+34.18,225.456067,-18.8787924,-1.0,0.0,            ,                    
1593,PSZ2 G341.09-33.15,302.68887,-56.636643,-1.0,0.0,            ,                    
1598,PSZ2 G342.32+23.51,233.4871771,-26.6588094,-1.0,0.0,            ,                    
1600,PSZ2 G342.45+24.14,233.1549831,-26.0996037,-1.0,0.0,            ,                    
1605,PSZ2 G343.46+52.65,216.1078215,-2.7397594,-1.0,0.0,            ,                    
1606,PSZ2 G343.68+24.10,234.143467,-25.4146858,-1.0,0.0,            ,                    
1607,PSZ2 G343.92+22.67,235.3521128,-26.3668896,-1.0,0.0,            ,                    
1610,PSZ2 G345.38-25.32,290.0080391,-52.0564543,-1.0,0.0,            ,                    
1620,PSZ2 G347.96+80.46,200.033481,20.2120538,-1.0,0.0,            ,                    
1625,PSZ2 G349.18+38.66,227.9724113,-11.2784758,-1.0,0.0,            ,                    
1627,PSZ2 G349.50-06.85,266.9918117,-41.4478663,-1.0,0.0,            ,                    
1632,PSZ2 G353.36-26.49,294.102131,-45.2953732,-1.0,0.0,            ,                    
1635,PSZ2 G355.22-70.03,352.831781,-37.9114526,-1.0,0.0,            ,                    
1639,PSZ2 G356.21-43.11,317.834006,-44.4344229,-1.0,0.0,            ,                    
1642,PSZ2 G356.88-11.33,276.5105802,-37.0974342,-1.0,0.0,            ,                    
1647,PSZ2 G358.80-10.83,276.9624092,-35.1774436,-1.0,0.0,            ,                    
1651,PSZ2 G359.60-08.72,275.0918356,-33.5317168,-1.0,0.0,            ,                    
1652,PSZ2 G359.67-07.23,273.5496293,-32.7909659,-1.0,0.0,            ,                    
